"","df.alone","percdev.abun.alone","deltaAIC.alone","df","est.elev","P.elev","percdev.elev","est.slope","P.slope","percdev.slope","est.north","P.north","percdev.north","est.SRali","P.SRali","percdev.SRali","percdev.abun","total.deltaAIC","dev.ratio.actual","deltaAIC.actual","coef.c2","coef.c3","coef.c4","coef.c5","coef.c6","signif.boot.c2","signif.boot.c3","signif.boot.c4","signif.boot.c5","signif.boot.c6","coef.nocovar.c2","coef.nocovar.c3","coef.nocovar.c4","coef.nocovar.c5","coef.nocovar.c6","signif.boot.nocovar.c2","signif.boot.nocovar.c3","signif.boot.nocovar.c4","signif.boot.nocovar.c5","signif.boot.nocovar.c6"
"ACHMIL",161,0.10461762536606,50.2851214558606,157,0.00162674552437929,1.30275527566787e-08,0.0644421971437356,0.0325401030604486,1.4387599160932e-09,0.0846877893833957,-0.412266875125942,2.29355351150401e-10,0.0639412915211067,0.0198897727178158,0.115221070734947,0.00205614948990546,0.124781196334842,61.518756121025,0.335508476734689,61.518756121025,-0.852937235801936,-0.429145347301808,-0.500335924558562,-1.91707057956938,NA,TRUE,TRUE,TRUE,TRUE,NA,-0.689991608348793,-0.525766768805767,-0.545925047164109,-1.77421515957694,NA,TRUE,TRUE,FALSE,TRUE,NA
"AGRCAP",221,0.0151704859525186,10.1947734316416,217,0.00248770210993353,1.60429203645929e-51,0.246928207956041,0.0242482721541894,4.10830069397834e-15,0.0528244132839248,-0.255842080462738,5.3976590462666e-09,0.0287265748991406,0.0101131437922678,0.192860415094725,0.00293742433711321,0.0240365827003771,21.9972177044494,0.354183481602056,21.9972177044494,-0.110317722376478,-0.146477443448217,-0.671713820037321,-0.260884702868566,-0.0606473338498043,FALSE,FALSE,TRUE,FALSE,FALSE,-0.120286166298742,-0.163245410163229,-0.486434170887882,-0.129096796028716,-0.156004248948642,FALSE,FALSE,FALSE,FALSE,FALSE
"AGRSTO",30,0.0626329986768957,1.59711700846285,26,0.000972657353337105,0.106536970810246,0.0461528594138297,0.0308043618989178,0.00530832938990432,0.123567686771489,-0.480252005129686,0.000219567071205733,0.0829373610914534,0.0466526303128035,0.0236486866420514,0.0307209179758434,0.059114926138029,1.05805046984895,0.342493751390645,1.05805046984892,-0.377095740264166,0.529039055773437,0.209254636880378,0.503406959061165,NA,FALSE,FALSE,FALSE,FALSE,NA,-0.827495228635457,0.0510551798631659,-0.567984035873251,-0.316669609336042,NA,FALSE,FALSE,FALSE,FALSE,NA
"AIRCAR",110,0.0192289901066186,-0.485044687840627,106,0.00149070490146569,8.37473267254727e-13,0.176450932561613,0.0138470392236328,4.30138712156109e-08,0.0863492178756588,-0.13576796997211,0.0189893374726697,0.0119350375974781,0.0104655481853046,0.234505399184289,0.00272219783392178,0.012389709111238,-3.1579303028733,0.286246304683981,-3.1579303028733,-0.0920515676048412,-0.0531227064514065,0.469755974642228,-0.177423959923223,NA,FALSE,FALSE,TRUE,FALSE,NA,-0.0327083597460852,0.000226269941003494,0.536957764042839,-0.598022168796147,NA,FALSE,FALSE,TRUE,TRUE,NA
"ANTODO",488,0.053722089597885,120.880541144659,484,0.00189095493152189,7.61476200664149e-66,0.161594767651198,0.0189552230696784,5.82883932487553e-34,0.0748535795065035,-0.283937316443183,6.27828261253578e-23,0.0384379001167088,0.0208284574340417,9.95598953832658e-07,0.00837152026345693,0.0220619387729661,43.7484395510151,0.305319706310834,43.7484395510151,-0.101488768092779,-0.0633598517362999,0.129677053345085,0.0809330083784226,-1.08612348576475,FALSE,FALSE,FALSE,FALSE,TRUE,0.070914276647861,0.0985416692859828,0.5119877389382,0.395011229987518,-0.844506511757995,FALSE,FALSE,TRUE,TRUE,TRUE
"APHARV",64,0.0475039284783925,5.57563094044968,60,0.00153072360304954,3.2514172024948e-07,0.0938596240896458,0.00534126363227073,0.288296924291962,0.0126512044857063,-0.232799274379864,0.00241066387601211,0.0304134500862774,0.00731297641954081,0.570754819459077,0.00292623392441832,0.0505521904065466,6.31842329932141,0.182309359632598,6.31842329932141,-0.303502313277847,-0.107412376886571,0.460535459946171,NA,NA,FALSE,FALSE,TRUE,NA,NA,-0.325897121543985,-0.121736021142977,0.323574995512386,NA,NA,FALSE,FALSE,TRUE,NA,NA
"ARRELA",18,0.00428522521364466,-3.72288504572793,14,0.00186581436749751,0.0418208380876489,0.0776467045382771,0.024818511014178,0.015771208580906,0.0560282063833825,0.344191510244528,0.0661900644978341,0.0292959870656912,-0.0271309137574368,0.341366964999491,0.0181791272573986,0.0160719932657513,-2.96066380251894,0.0834876187872062,-2.96066380251894,0.135914744225849,0.133475098077912,NA,NA,NA,FALSE,FALSE,NA,NA,NA,0.0512932943706609,-0.0822380982538597,NA,NA,NA,FALSE,FALSE,NA,NA,NA
"BELPER",86,0.0191008752870022,-1.11187275027919,82,0.00151738290051906,8.40103920211189e-06,0.0355266468584712,0.0209698679371983,0.000172679066835728,0.0700643905752919,-0.571457037141973,1.34055586770522e-12,0.143063421935542,0.0211843873561149,0.166707069175976,0.00460060780954027,0.0131773497052104,-3.24800511915146,0.261148083411439,-3.24800511915146,-0.233110989242144,-0.0229801484818314,0.147170335708794,0.160557127314943,NA,FALSE,FALSE,FALSE,FALSE,NA,-0.22846120781636,-0.0256718679197382,0.424245002758589,0.201101451447338,NA,FALSE,FALSE,TRUE,FALSE,NA
"BRODIA",39,0.0737339834121284,2.06982826846757,35,0.000528512955606297,0.405700185703671,0.0524089625004084,0.00645500672529599,0.235640533562793,0.0179122276533612,-0.0765538150228516,0.543272272203227,0.00285523264061949,0.00370451109845497,0.78410005619629,0.00120762606024563,0.0393137344339785,-1.69730169464623,0.0959439808334711,-1.69730169464628,-0.329648629915701,-0.0631305408641803,0.441101006512709,NA,NA,FALSE,FALSE,TRUE,NA,NA,-0.355819877618999,-0.13713067665417,0.625009375392727,NA,NA,FALSE,FALSE,TRUE,NA,NA
"BROHOR",345,0.0047003560548413,-1.88191967842477,341,0.000928106797715363,1.87418643073706e-09,0.0441931807497202,0.0178627928902073,1.44776936226673e-14,0.0715262910492481,-0.283014041084998,2.42638734991723e-14,0.0378099332741002,0.0421408330865711,8.56999268916102e-16,0.0494052446821575,0.000626893587183576,-7.18402238581029,0.20356154334241,-7.18402238581029,-0.0184207830830387,-0.0217632961417139,-0.141703954902237,0.0230871677691864,NA,FALSE,FALSE,FALSE,FALSE,NA,0.0647473017208322,0.0780257130267226,-0.190420695860861,-0.187048011397565,NA,FALSE,FALSE,FALSE,FALSE,NA
"CARPYC",155,0.0565559245877127,19.1167063033631,151,0.000121464285487653,0.640863927941209,0.00160271825539305,0.0145991209979263,4.67778992168812e-06,0.0434431717504673,-0.269618113671705,1.53890295726746e-06,0.053681745174434,0.0557609820126576,1.55149442959777e-14,0.0842551085475805,0.0762261173310134,29.2435184669407,0.258787106807686,29.2435184669408,-0.337057359111978,-0.46139986432594,-0.974983020465279,0.304132366306069,-1.98148227868601,TRUE,TRUE,TRUE,TRUE,TRUE,-0.163683024403582,-0.435860910318408,-0.990361597588052,0.108250691080058,-1.83765945797525,FALSE,TRUE,TRUE,FALSE,TRUE
"CARTEN",21,0.0852550010672931,3.88041878751321,17,0.00142239261469478,0.0190510434739201,0.267016026228558,0.0274313278550948,4.28096615768188e-06,0.32027504848721,0.186274272183417,0.226218234066499,0.0184627865432419,-0.00596181309912725,0.815004889852527,0.0148325944684693,0.0409513774387175,-0.214720543046028,0.644044538117611,-0.214720543046028,-0.144447085071499,0.420372295169758,NA,NA,NA,FALSE,TRUE,NA,NA,NA,-0.566584457254861,0.108213584636872,NA,NA,NA,FALSE,FALSE,NA,NA,NA
"CERFSV",369,0.00574993256129436,4.65197855948554,365,0.00190743431732986,4.68388901471341e-44,0.117434626033779,0.0216894733854231,3.23705305435973e-36,0.0931796214080771,-0.364782412112835,1.47930767922835e-25,0.046590967755737,0.0282622855965219,3.72264845638136e-07,0.0119675234756782,0.0137566708414487,19.4847793936597,0.28292940951472,19.4847793936597,-0.207056873191629,-0.122435007198319,0.794502648728926,NA,NA,TRUE,FALSE,TRUE,NA,NA,-0.0487719493910133,0.0983086828058017,0.670674324707358,NA,NA,FALSE,FALSE,TRUE,NA,NA
"CERGLO",163,0.00938307978287465,-1.46380289573563,159,0.000972968243717548,1.54911990314384e-06,0.0436966241167145,0.023639274600597,1.59996894843179e-17,0.132832690139056,-0.118671274230226,0.0252541411698764,0.00632361122806205,0.0305324838716702,2.14959277735046e-05,0.0196374128307912,0.0162710310755925,3.33430266614505,0.218761369390216,3.33430266614505,-0.17749190205291,-0.239015238810871,-0.194015256083305,-0.501832309075921,NA,FALSE,FALSE,FALSE,TRUE,NA,-0.0996951844304444,-0.145771642728173,-0.164233705567963,-0.814821271709334,NA,FALSE,FALSE,FALSE,TRUE,NA
"CIRARV",68,0.0660947550116824,19.2881744494293,64,0.000723423880810897,0.0227886531988617,0.0769966311957157,0.0421292728951926,7.70494378209579e-24,0.188394379803781,-0.0767299789791033,0.372526358892345,0.0025612787745606,0.0828791657775963,1.61248489167601e-09,0.124903109538405,0.0467477920573685,11.3005012963834,0.437678493564056,11.3005012963833,-0.204191183809934,0.026066899783531,0.0593943695360215,0.911713933559683,NA,FALSE,FALSE,FALSE,TRUE,NA,-0.179598229219196,0.014684551652493,-0.881403472893887,0.804995480663513,NA,FALSE,FALSE,TRUE,TRUE,NA
"CIRVUL",314,0.0226791357628598,18.2997296220346,310,0.000836164926086363,5.137078499894e-07,0.033104392846068,0.0212797568018509,1.15790147356698e-16,0.0910956287466497,-0.198246747576896,1.82517355327861e-06,0.0155674762208585,0.0447772324921985,9.47164041330752e-16,0.0568470073462021,0.0111193599726209,4.89450197343558,0.207733865132399,4.89450197343558,-0.02835605320778,0.0369982651350525,0.743519047950502,-14.3530870921079,NA,FALSE,FALSE,TRUE,TRUE,NA,-0.0742373882324778,-0.0314388537313118,1.12066211988778,-14.9545116953523,NA,FALSE,FALSE,TRUE,TRUE,NA
"CRECAP",418,0.00569775125561066,5.33428660583195,414,0.00189172212951805,2.74169536818845e-53,0.118053559393464,0.021958514471058,6.25058257422149e-29,0.0646101005621907,-0.330338831907594,1.85006122997572e-25,0.0470501563236137,0.0277284275287533,1.03425514986371e-08,0.0119588100759627,0.0134212988164327,20.698400927588,0.255093925171664,20.698400927588,0.11232014182851,-0.138364906921329,0.0866029210395678,NA,NA,FALSE,FALSE,FALSE,NA,NA,0.168843941400279,0.0882217874922723,0.106120682924194,NA,NA,FALSE,FALSE,FALSE,NA,NA
"CRIMUR",85,0.142853444161825,29.1595053567145,81,0.000617777583693083,0.128336099780001,0.0373136913356068,0.000598753283043421,0.921051515255645,0.0197580610110761,0.11211925040754,0.252219485469796,0.00961372381447626,0.0636308984459129,1.08793618192178e-08,0.147937601009593,0.0930346631925569,15.5030000363312,0.302832255041979,15.5030000363311,-0.269040458630273,-0.517570830208029,-17.1177507928654,-1.56066090879444,-16.6128115841304,FALSE,FALSE,TRUE,TRUE,TRUE,-0.283324767082825,-0.679174416491548,-16.7289739113154,-1.42638881832178,-16.7289739113158,FALSE,TRUE,TRUE,TRUE,TRUE
"CYNCRI",433,0.0304686055405398,51.4759523593802,429,0.00176691937377452,1.15463935697572e-46,0.117366763432614,0.0170678734315138,1.35141716909263e-20,0.0672237812905963,-0.349577860212948,1.33375401521979e-27,0.0464409671895292,0.0291058001625529,4.75672188978538e-09,0.0207501540267255,0.0220905572562325,34.5717164072171,0.273872223195697,34.5717164072175,-0.120258535217854,-0.0179593216609276,-0.367628439888276,-0.313293822793206,-0.538582969166184,FALSE,FALSE,TRUE,TRUE,TRUE,-0.0866796470122635,0.0468517455974742,-0.330442485543263,-0.339168933441212,-0.609927790789908,FALSE,FALSE,TRUE,TRUE,FALSE
"CYNECH",53,0.128747542525533,9.59263606649137,49,0.000445264733501601,0.482828203215859,0.0192785554224908,0.00735991376349482,0.168329322664876,0.0110492672039941,-0.0173392610970828,0.863648497778536,0.00324283934724725,0.0325936455493519,0.0149153945770608,0.0560431550323181,0.118761031741963,8.22803487610668,0.182800239340563,8.22803487610673,0.484079512002261,0.151052551197291,0.286609342055026,0.529744374018339,NA,TRUE,FALSE,FALSE,TRUE,NA,0.477209012967006,0.183096050184938,0.294887456173051,0.62030985660768,NA,TRUE,FALSE,FALSE,TRUE,NA
"DACGLO",500,0.0651781070579283,138.498738244572,496,0.00140293061105741,2.30102626080458e-40,0.109862546503986,0.0208700210936823,5.42927945762498e-44,0.0945686190828054,-0.248252504947442,4.66267612541688e-18,0.0372203376513896,0.0164462662023093,0.000117673748714743,0.0103011559605545,0.0361184942000035,72.2906809985666,0.288071153398739,72.290680998567,0.113341726350063,0.114908588575636,-0.446771030572387,-0.181107636377222,-1.07428136640875,FALSE,FALSE,TRUE,FALSE,TRUE,0.0690131527735724,0.2447949312286,-0.478556227701172,-0.25718415419513,-1.2477316584848,FALSE,TRUE,TRUE,FALSE,TRUE
"DIGPUR",75,0.0133070046999472,0.121386907438364,71,0.00146497451300646,3.84407097445679e-06,0.164909892167556,0.0135764623552373,1.40695572329166e-06,0.0909453144799886,-0.351743884952777,2.50264983217911e-07,0.058504243244775,0.0177053902431931,0.0923764504201371,0.022669073027661,0.0233313185205494,3.22607324879414,0.36035984144053,3.22607324879414,0.292677304320056,0.188950532348895,NA,NA,NA,FALSE,FALSE,NA,NA,NA,0.223994253194521,0.0511514403551097,NA,NA,NA,FALSE,FALSE,NA,NA,NA
"ELYREC",253,0.0078802703439624,-1.27414729024554,249,0.0016242145040009,1.39088870264211e-34,0.210250398301956,0.0136125936646228,7.82169958047137e-14,0.0805951634529739,-0.135960842019458,0.000247921626023312,0.00840675729730823,0.0199348835877139,0.00012645172965756,0.0177015412831636,0.00551359851365372,-3.2941143025671,0.322467458849055,-3.2941143025671,-0.0633266409964426,0.0546355953912313,-0.0196139359424063,0.12407651359661,NA,FALSE,FALSE,FALSE,FALSE,NA,-0.0996993602231052,0.0307113323010803,0.0926523709307871,-0.094748855063249,NA,FALSE,FALSE,FALSE,FALSE,NA
"GERMOL",127,0.0651062134691656,20.9984375125396,123,-8.713163904988e-05,0.769215857370716,0.000149947611766884,0.0159070766754695,1.7109164760004e-05,0.0613439808795529,-0.165812517113955,0.0101798575680554,0.0237642622353091,0.0313197460500436,0.000335311728506428,0.0433771905182638,0.0300168905834458,5.36958301709603,0.15845900449491,5.36958301709603,0.246158337212696,0.152927928956887,-0.758728324331961,-0.166894901575767,NA,FALSE,FALSE,TRUE,FALSE,NA,0.352516170896862,0.31861461922118,-0.766574649114784,-0.296571019869052,NA,TRUE,FALSE,TRUE,FALSE,NA
"HOLLAN",496,0.0165728770915954,30.8116317285958,492,0.00192904993798941,1.28941012945182e-70,0.144025467391938,0.0177256688609561,1.81326655467501e-31,0.0778193553445729,-0.280614222153555,4.5245542416709e-22,0.0305461610499591,0.0210344540942375,1.32274011579609e-06,0.00940548954133794,0.0175714508491299,33.2706751536507,0.279367924176938,33.2706751536507,-0.160782208420064,-0.207138793473835,-0.304686033052357,-0.473934640964406,-0.528355419204431,FALSE,TRUE,TRUE,TRUE,FALSE,-0.136859182709923,-0.167115433580187,-0.28534357386733,-0.458304251033145,-0.292669613960867,FALSE,FALSE,FALSE,TRUE,FALSE
"HYPGLA",43,0.0294775913975047,-3.7979606337565,39,0.00071904770712998,0.0286398971693557,0.0585394783741318,0.00891336695192283,0.0420568251032889,0.060669318509617,0.00321846632329886,0.974118217634151,0.00370667066614186,0.0260530393321043,0.0556190182224366,0.0665581935581298,0.0358744375140447,-3.32010249472231,0.225334006336061,-3.32010249472228,-0.0237434796030164,-0.130464316029407,-0.709449322841056,NA,NA,FALSE,FALSE,TRUE,NA,NA,0.0461411559515496,-0.0927420519014088,-0.593517339813904,NA,NA,FALSE,FALSE,TRUE,NA,NA
"HYPRAD",537,0.0571047910731961,142.58562440257,533,0.00165514221804558,4.76229833609528e-60,0.164854537613784,0.0213982375656016,1.70562805163229e-45,0.0775529988684402,-0.245057726123359,1.13917524150396e-18,0.0317569168671454,0.0162727109099679,9.63742368414852e-05,0.00515838469793709,0.0230728411933892,52.8431995380975,0.302395679240696,52.8431995380975,-0.0448348963747942,0.200119268400888,0.176168922084286,0.482541945308163,NA,FALSE,TRUE,FALSE,TRUE,NA,0.177375782626452,0.424079768742093,0.423978625826744,0.873809736890251,NA,FALSE,TRUE,TRUE,TRUE,NA
"LEOTAR",45,0.123535569861381,12.9015014606948,41,0.000731643662207669,0.262553767851346,0.0331471394511904,0.00158519013189527,0.878528006578768,0.0165986247620671,-0.391576054079732,0.000457927641651825,0.0718319999583998,0.0446937440397134,0.0331154200257277,0.0245967932954625,0.0826575202379349,5.98517270717429,0.228693868022697,5.98517270717429,-0.545302801670742,0.148551998641518,-0.504427136822102,-16.4134931506512,NA,FALSE,FALSE,FALSE,TRUE,NA,-0.69126571246024,0.125495424066882,-0.591182253903258,-16.7410652072849,NA,FALSE,FALSE,TRUE,TRUE,NA
"LOLPER",515,0.0884109062902247,163.936283225382,511,0.000991320607871763,1.78644848293643e-17,0.0390940067026479,0.0169528483516489,1.11636337024617e-15,0.0916387036380161,-0.26202911296678,5.63502324913546e-18,0.0303523391590763,0.0451360581659931,2.77986697297671e-23,0.0420609399307334,0.0556435075819455,99.4709386040659,0.258789497012419,99.4709386040659,-0.0844189937631405,-0.171546430196048,-0.449811063258886,-0.638666319123942,-0.724160711275867,FALSE,TRUE,TRUE,TRUE,TRUE,0.0122684710065607,-0.151056008627659,-0.375882901330416,-0.747872078770056,-0.871104720581371,FALSE,FALSE,TRUE,TRUE,TRUE
"PHLPRA",24,0.177602283575157,4.12324987309155,20,0.00113029107543265,0.314997447408906,0.0195605577824684,0.0361632412985616,0.0403505337920509,0.156262743069954,-0.140383985842424,0.514845521256767,0.0146150966427945,0.0506321656321817,0.306845654837128,0.0220535610781078,0.154880512528488,2.57224668544738,0.329404449327107,2.57224668544738,-0.232885489628252,-1.17122520131408,0.128049662850705,-16.600153453658,NA,FALSE,TRUE,FALSE,TRUE,NA,-0.279960026357871,-1.05314991459135,-0.360002734031407,-17.3557350075862,NA,FALSE,TRUE,FALSE,TRUE,NA
"PLALAN",159,0.00196765387239344,-4.76614987723224,155,0.00124485580567414,1.70845542511413e-05,0.0271669721173157,0.0268409343553761,2.83881917990658e-07,0.0773254438843864,-0.424754873774608,1.16867237149808e-10,0.0613375526258027,0.0238740461171372,0.0482633515305847,0.00580673035601203,0.00387662135607742,-3.56910003165228,0.169353555576967,-3.56910003165228,0.0681595333548097,0.0139633418415354,0.351013374726489,NA,NA,FALSE,FALSE,FALSE,NA,NA,0.0400740516301505,-0.0833747159104836,0.0276515312435446,NA,NA,FALSE,FALSE,FALSE,NA,NA
"POAPRA",233,0.05285499315847,36.0682489279563,229,0.00113818219293009,6.04751637172081e-10,0.0492623866044362,0.0152640788882806,0.00012045881176676,0.0688077334902675,-0.343811104253134,9.30724388972185e-13,0.0424024563924489,0.0432729755076951,7.16454358632896e-09,0.0364522559190902,0.0336416666943351,20.0489931725535,0.230566499100578,20.0489931725535,-0.285597400854216,-0.137589214080755,-16.155197573716,-0.725250761785398,NA,FALSE,FALSE,TRUE,TRUE,NA,-0.278836701197624,-0.0852664318677981,-15.8654373061912,-1.15738710508893,NA,FALSE,FALSE,TRUE,TRUE,NA
"POLTET",46,0.058544498955511,1.50927420415189,42,0.000681290840909956,0.227541666612704,0.0248111234326454,0.00321819585457835,0.469478981328114,2.82158133010953e-06,-0.157656510506154,0.149742634587222,0.0431318158143372,0.0179334567652091,0.142185787240411,0.0233439395417619,0.0434879341046023,0.0923905376047287,0.0772012658279621,0.0923905376047287,0.219216227667355,-0.0683164596120451,NA,NA,NA,FALSE,FALSE,NA,NA,NA,0.242730684492509,-0.0731222636815076,NA,NA,NA,FALSE,FALSE,NA,NA,NA
"RUMACE",230,0.0242605329565892,13.7271496477808,226,0.0012164859276527,1.41192964552017e-17,0.138823801760872,0.01936306645222,4.09043005760675e-19,0.107518192313087,-0.244282724366625,2.40210643162978e-10,0.0462964241682419,-0.000542338791626426,0.928941115062456,1.71808896173764e-05,0.00521020231430713,-3.33386815612312,0.297856918015293,-3.33386815612312,-0.0165414255521495,0.0530361777292218,0.217215104497711,-0.748417261493748,NA,FALSE,FALSE,FALSE,FALSE,NA,-0.036693057148503,0.00761828324696132,0.4705547452696,-1.60888679641024,NA,FALSE,FALSE,FALSE,TRUE,NA
"RYTCAE",33,0.121093932409638,3.57663161682345,29,0.000578137086288574,0.248855852095871,0.115629239352357,0.00301448754676495,0.703600445452463,0.0248328803554009,-0.453334435803571,5.86356202501639e-05,0.21588360728322,-0.0073265073199212,0.60674573426993,0.000771416833852968,0.0348939195227832,-6.0878147930209,0.388939693998622,-6.08781479302093,-0.0861087212341775,-0.116345662046664,0.229912602172992,0.0119553137154996,-0.64259168231113,FALSE,FALSE,FALSE,FALSE,FALSE,-0.208297043197212,-0.336472236621213,-0.182321556793954,-0.444685821261422,-1.13783300182139,FALSE,FALSE,FALSE,FALSE,TRUE
"RYTRAC",94,0.141688283001801,28.3902263554177,90,0.00161387100338759,2.08104792416123e-08,0.198958850729157,0.00850717958417138,0.0404125923072659,0.0123350494206632,0.0653803375710152,0.370773011063561,0.000345524783009013,0.0236532673482312,0.00517850270873485,0.0432247857600313,0.0644881214077671,7.4729591299257,0.300694507317551,7.4729591299257,0.176325507074418,-0.126207694881935,-0.438986885837069,-0.22718853815425,-0.19727691243653,FALSE,FALSE,FALSE,FALSE,FALSE,0.149260694533065,-0.225021486138411,-0.509200928038989,-0.516403840333048,-0.669049628980886,FALSE,FALSE,TRUE,TRUE,TRUE
"SILGAL",93,0.0488123564235416,5.18522336885349,89,-0.00034861493258343,0.406701718572308,0.00369348401492664,0.015261407886371,9.96030796992172e-05,0.0955607293635322,-0.0167522900614955,0.845488876476047,0.00211733622230576,0.0114509308779017,0.218628737770805,0.0113555383961324,0.0195607147288964,-1.51771355599601,0.122232692025291,-1.51771355599601,0.105009615305371,0.0442911530351219,0.701556954003153,NA,NA,FALSE,FALSE,TRUE,NA,NA,0.207014169384326,0.0689928714869518,0.890972923889864,NA,NA,FALSE,FALSE,TRUE,NA,NA
"STEMED",78,0.0241611149640813,2.46516915122447,74,0.000944806018807077,0.0100549327350724,0.00152362586748421,0.0326995557090536,2.68175643437232e-12,0.146454183906032,-0.506463992358719,2.08581866778716e-08,0.0557284098417942,0.090537652849663,3.28130222352537e-13,0.145015767605444,0.0176779676893019,0.193711960821815,0.347494349881624,0.193711960821815,-0.0489005114642928,0.265395824630051,-1.39081249080779,NA,NA,FALSE,FALSE,TRUE,NA,NA,0.161869367929488,0.0671730347740468,-1.74111573640945,NA,NA,FALSE,FALSE,TRUE,NA,NA
"TAROFF",168,0.0252235877289826,17.098658030676,164,0.00212665213023666,8.88785392980244e-21,0.106948962533187,0.0289147806792033,3.27529197916871e-10,0.0785872889965531,-0.55533265518122,3.46210773420989e-23,0.101975615954219,0.0293132785562097,0.0047417884111095,0.0103570174395955,0.0115002104211993,4.5313895332531,0.309369095344754,4.5313895332531,-0.293131805671379,0.0174511336194595,-13.4256931957033,NA,NA,FALSE,FALSE,TRUE,NA,NA,-0.373104886756271,0.00612371785052554,-14.8498098209298,NA,NA,FALSE,FALSE,TRUE,NA,NA
"TRIDUB",401,0.0091994798345106,7.28844478264227,397,0.00151781469677677,1.16576344918399e-40,0.122644047169303,0.0174503708279382,2.47072222617513e-24,0.0747336533453967,-0.250448075347048,3.52856184058557e-15,0.0332799944297919,0.0182583443176941,0.000177603623465672,0.00902587392327946,0.0047509223293022,-0.104530364240418,0.244434491197073,-0.104530364240418,0.146413453319087,0.0366739433066352,0.0845248429714726,0.0770018690628277,NA,FALSE,FALSE,FALSE,FALSE,NA,0.176512084762653,0.122974705024026,0.237547092505285,0.0763491671626235,NA,FALSE,FALSE,FALSE,FALSE,NA
"TRIGLO",188,0.0271074122526335,4.91489479585789,184,0.000309436256216445,0.20603366619528,0.0137792555608205,0.0161448273405064,1.22840501238696e-06,0.073903939765156,-0.141372976514263,0.00951937453361481,0.0116693752306727,0.0254875929206361,0.00014869707461164,0.0351109526558389,0.0306172246955459,6.58708902933722,0.165080747908034,6.58708902933722,0.157123160438667,-0.0244194592574329,-0.345408937411522,-0.11073868843197,NA,FALSE,FALSE,FALSE,FALSE,NA,0.171710438563194,-0.0286535627060494,-0.253349737149721,-0.118247252299149,NA,FALSE,FALSE,FALSE,FALSE,NA
"TRIPRA",63,0.134903357715957,18.8901505193721,59,0.00195893451940364,0.00257577026416259,0.0633375276056379,0.0135272886071622,0.203556486618066,0.0983771515220124,-0.638441431463883,1.22297671770375e-07,0.137163948641734,0.0177053530357205,0.464752762809175,0.0308837273440349,0.101955250148119,12.3226373986603,0.431717605261538,12.3226373986603,-0.050042505661495,0.696093977039416,-0.112059695106956,-0.461440225733747,NA,FALSE,TRUE,FALSE,FALSE,NA,-0.0382212155785969,0.753771799618858,-0.597837003514085,-0.374693436565427,NA,FALSE,TRUE,TRUE,FALSE,NA
"TRIREP",515,0.0738226871595557,184.318437955508,511,0.00197412086195406,5.12316986746306e-80,0.168498563277013,0.0152281197422882,4.60272284016099e-22,0.0831494594883031,-0.291045589854319,3.1289267636407e-24,0.0386122601248593,0.0213478722258855,4.28719952380437e-07,0.00893660267783305,0.0422871645389618,102.163985390065,0.34148405010697,102.163985390066,-0.0429145399571449,-0.263441544425111,-0.525631299162522,-0.572701757409287,NA,FALSE,TRUE,TRUE,TRUE,NA,-0.0568610069179748,-0.316572530942511,-0.612608318074354,-0.737658981061827,NA,FALSE,TRUE,TRUE,TRUE,NA
"TRISTT",177,0.0280548651798372,6.69647496092534,173,0.000205759300980957,0.369678796707892,0.0288465392470908,0.0228779607899517,9.54338724234727e-15,0.121316895427539,-0.0338391989177546,0.52884718959456,0.000161109812476006,0.0231779746330928,0.000583907658341814,0.0263720881754852,0.0263777323679092,5.81791289268358,0.20231815231295,5.81791289268358,-0.106379365036774,0.00708754539109037,-0.435506958944065,-0.372530592983419,NA,FALSE,FALSE,TRUE,TRUE,NA,-0.00647251450566935,-0.000202901492074805,-0.443686320928414,-0.39288942764314,NA,FALSE,FALSE,TRUE,TRUE,NA
"TRISUB",127,0.0571110734162183,17.266531780979,123,0.00142924903414508,3.00049098530559e-07,0.0737685866553339,0.0340158274496252,5.37245005137749e-11,0.195080853112269,-0.0374229602108645,0.563107782956318,0.00181466521149158,0.0494426449575325,5.03203210340684e-08,0.0763398894873504,0.0268232810680701,3.86689801183229,0.373073209963776,3.86689801183229,0.108220896313723,-0.0152417362762782,-2.09082675117501,-0.0365795589853602,NA,FALSE,FALSE,TRUE,FALSE,NA,0.122462899546849,0.134624464586138,-2.64654800000739,-0.0438583159006857,NA,FALSE,FALSE,TRUE,FALSE,NA
"VICSAT",312,0.0190130062727501,17.3605564959248,308,0.0015882970863309,8.66946628978137e-37,0.157160369029092,0.0150457742392505,1.28247037715615e-20,0.07436348015041,-0.214019905241805,8.78008626967343e-11,0.031298834994402,0.00600557909114646,0.226994873594961,0.00128997847004956,0.00702541013006618,1.37086476250397,0.270047789090886,1.37086476250443,0.0663385457872618,0.0774035868207836,-0.0108863636450846,-0.628588385227351,NA,FALSE,FALSE,FALSE,TRUE,NA,0.202583667261355,0.158105764256389,0.0337627976862656,-0.525852990249158,NA,FALSE,FALSE,FALSE,TRUE,NA
"VULBRO",200,0.00934628411604966,-2.77283227804514,196,0.00080667247464211,2.73934748721694e-05,0.0372475761127854,0.0130954398841177,6.66303577018569e-06,0.0556403282785145,-0.0692917249580297,0.16059386086886,0.00571726982093047,0.0429875434176075,1.15754247981611e-10,0.0675473295555886,0.0139218062722856,-0.213845045344442,0.176564852888787,-0.213845045344442,0.0242567818274957,0.193391745070878,0.0744047368651004,0.091593653292683,NA,FALSE,FALSE,FALSE,FALSE,NA,0.0432710712752351,0.133661864279729,-0.0492077878965407,-0.0758760349787023,NA,FALSE,FALSE,FALSE,FALSE,NA
